¤é´Á,®É¶¡,®ø¶O¤H,«~¶µ,Á`ª÷ÃB
3¤ë18¤é,09:22,¤ý¤`¤`,¤é¥Î«~,999
3¤ë19¤é,12:25,§õ¨½¨½,­¹ª«,888
3¤ë19¤é,14:46,¶À´q´q,¶¼®Æ,777
3æœˆ19æ—¥,14:46,é»ƒæƒ¶æƒ¶,é£²æ–™,777
3æœˆ19æ—¥,14:46,é»ƒæƒ¶æƒ¶,é£²æ–™,777
3æœˆ19æ—¥,14:46,é»ƒæƒ¶æƒ¶,é£²æ–™,777
3æœˆ19æ—¥,14:46,é»ƒæƒ¶æƒ¶,é£²æ–™,777
3æœˆ19æ—¥,14:46,é»ƒæƒ¶æƒ¶,é£²æ–™,777
3æœˆ19æ—¥,14:46,é»ƒæƒ¶æƒ¶,é£²æ–™,777
3æœˆ19æ—¥,14:46,é»ƒæƒ¶æƒ¶,é£²æ–™,777
3æœˆ19æ—¥,14:46,é»ƒæƒ¶æƒ¶,é£²æ–™,777
3æœˆ19æ—¥,14:46,é»ƒæƒ¶æƒ¶,é£²æ–™,777
3æœˆ19æ—¥,14:46,é»ƒæƒ¶æƒ¶,é£²æ–™,777
